Scenario,Accuracy,Inference Time
Clean,0.7255676209279368,0.0017042122487946757
FGSM Attack,0.1771964461994077,0.14700075021878942
PGD Attack,0.026159921026653505,1.0030766077867643
Clean (After Defense),0.5740375123395854,0.012737625227199765
FGSM (After Defense),0.5547877591312932,0.14733581843338614
PGD (After Defense),0.5328232971372162,1.0004870947890394
